{"2-phenylethanol": {"protein": [1.0266309214594702, 1.0266309214594702, 1.0266309214594702, 0.30035442815987506, 0.5001686497080707, 1.0266309214594707, 1.0266309214594707, 1.0266309214594707, 1.0266309214594707, 1.0266309214594707, 2.5099726900881025, 0.5001686497080695, 0.8820688541842407, 0.8820688541842402, 0.8820688541842402, 0.4770155371800953, 0.25132538656694986, 1.0266309214594707, 1.02663092145947, 0.8820688541842402, 2.111556305895195, 1.0266309214594702, 0.8820688541842407, 1.0266309214594707, 1.0266309214594702, 1.0266309214594702, 1.0266309214594702, 1.0266309214594702, 5.330647140539432, 0.8820688541842402, 1.0266309214594707, 3.7293724894974414, 0.2915539037394016, 0.7995244614177224, 0.25495139733783895, 0.8820688541842402, 1.0266309214594702, 5.330647140539418, 5.330647140539431, 0.8820688541842402, 5.521216639261077, 5.330647140539432, 6.338236195945269, 1.0266309214594707, 1.0266309214594702, 0.8820688541842402, 3.729372489497442, 3.729372489497441, 4.902754858748915, 3.4056720201249173, 0.8820688541842402, 0.8820688541842402, 0.8820688541842402, 0.8820688541842402, 1.0266309214594707, 0.8820688541842402, 0.7786267789034474, 0.4770155371800951, 0.8820688541842402, 3.735042082228129, 0.8820688541842402, 0.8820688541842402], "flux": [0.8743556646596997, 3.7556657041953105, 0.7936967747114814, 0.04429542722078195, 0.04429542722078195, 4.877824596928425, 1.6645464132380232, 1.6645464132380232, 0.7691017576161806, 1.02663118322296, 1.07832712487904, 1.025952025639256, 2.741435012120519, 4.877824596928425, 1.025952025639256, 4.877824596928425, 1.2118770198778823, 1.07832712487904, 1.1706441622563502, 4.877824596928425, 5.330647140539432, 5.330647140539432, 5.330647140539432, 3.7293724894974414, 0.8820688541842407, 5.521216639261077, 5.330647140539432, 0.4770155371800949, 1.0266309214594707, 1.0266309214594704, 3.7293724894974414, 0.2915539037394016, 0.5001686497080697, 0.7786267789034478, 0.25495139733783895, 3.7293724894974414, 0.5001686497080697, 0.4770155371800949, 6.338236195945269, 2.1115563058951947, 2.509972690088103, 3.7350420822281296, 0.25495139733783895, 5.330647140539432, 5.330647140539432, 5.3306522910764595, 0.25132538656694986, 1.6645464132380232, 0.7995244614177224, 5.330641990020764]}, "heme": {"protein": [0.23775376541094756, 0.9761069538760543, 0.9332717940446876, 0.976106953876054, 0.9529538413480769, 1.0075252063351314, 0.7513236418206974, 2.358929379867219, 1.1413194055582914, 1.4361977664287502, 1.1413194055582907, 1.1311485968109438, 1.133128581407213, 0.13579896051858484, 1.6152783370715558, 1.1413194055582914, 1.1309433008042893, 1.1726997363643399, 1.1331285814072127, 1.0626576138218211, 1.1331317715365234, 1.1309433008042893, 1.1309433008042893, 1.0111512171060213, 1.1331317715365234, 3.096108550367992, 3.4721118117344334, 0.38235499412643126, 1.631590487392554, 0.6087496965417644, 1.1413194055582916, 1.1331285814072123, 1.1413194055582914, 1.1309433008042893, 1.6152783370715558, 1.615278337071556, 1.351666167684619, 1.1413194055582916, 0.14541667093937904, 3.0501349088410605, 6.055111806816421, 1.1413194055582914, 0.9529538413480766, 5.597751817709883, 0.03598542908110674], "flux": [3.524992727056309, 0.9713944041159756, 0.20457701313101462, 6.077213587185859, 5.717272810324747, 1.7678048871554433, 0.7509299466042166, 0.72047899123635, 0.72047899123635, 0.23775376541094773, 0.23775376541094773, 6.09143475209474, 0.2794320909091412, 5.211114663540127, 4.777383778025964, 0.7509299466042166, 0.714975771169764, 0.714975771169764, 3.524992727056309, 0.7509299466042166, 0.7509299466042166, 1.086553988412511, 0.7509299466042166, 1.2347204850366396, 0.9713944041159787, 12.210191966171893, 4.777383778025964, 6.077213587185859, 5.449167978330013, 1.6152783370715558, 0.971394404115979, 3.050134908841061, 5.597705788580909, 6.055111806816421, 1.133128581407213, 1.133128581407213, 1.1413194055582911, 0.9529538413480766, 1.1413194055582911, 1.6152783370715558, 1.1726997363643403, 2.358929379867219, 0.976106953876054, 1.133128581407213, 1.1331317715365234, 1.1413194055582914, 0.9713944041159787, 1.1413194055582911, 3.096108550367992, 1.1413194055582914, 1.1413194055582914, 1.0111512171060217, 1.6152783370715558, 0.976106953876054, 0.9529538413480766, 1.1413194055582914, 0.1357989605185852, 0.7513236418206974, 1.1309433008042895, 0.9332717940446871, 0.035985429081106426, 1.0111512171060217, 1.1331317715365234, 1.631595637929596, 1.007525206335132, 0.23775376541094773, 12.210191966171893, 0.6087496965417649, 0.38235499412643176, 1.062657613821821]}, "spermidine": {"protein": [0.03932201930461365, 0.6195348956870106, 2.514071052570453, 2.514071052570453, 2.514071052570453, 2.514071052570453, 2.514071052570453, 0.576699735855647, 0.6195348956870108, 3.9636154392113228, 3.9636154392113228, 3.9636154392113228, 0.9228628937255099, 0.5963817831590358, 0.8507416562102, 2.514071052570453, 2.5140710525704524, 3.9636154392113228, 0.17828335166274004, 3.9636154392113228, 2.514071052570453, 0.2450045649474903, 2.4551692105226413, 3.9636154392113228, 0.11217715271743975, 2.514071052570453, 4.23444093221056, 0.8831724835749185, 2.241932358386459, 0.11197185671078565, 0.4636837744229367, 0.4174668697205942, 0.11197185671078565, 0.11197185671078565, 0.4270812680213739, 0.9228628937255091, 3.5875775750041026, 0.9228628937255103, 3.9636154392113228, 1.2314014367774568, 0.6028668254942415, 3.9636154392113228, 1.3452633640934855, 0.11197185671078565, 2.514071052570453, 0.11807406352081358, 3.629648059074165, 0.8158715235836491, 3.9636154392113228, 2.241932358386459, 1.7296040300914173, 2.241932358386459, 2.889642704763832, 3.9636154392113228, 4.138098669328936, 3.9636154392113228, 3.9636154392113228, 3.9636154392113228, 3.5875775750041026, 2.514071052570453, 3.587577575004103, 3.333953569117742, 3.9636154392113228, 0.5963817831590362, 1.5787803736164006, 3.9636154392113228, 2.247601951117147, 3.9636154392113228, 3.9636154392113228], "flux": [0.07894121775841277, 2.721048116695336, 3.5875775750041026, 5.401695464135159, 0.26804149748928735, 0.04615052266012299, 0.04615052266012299, 0.2687265409944321, 0.2687265409944321, 5.814555460636157, 0.10315057963882969, 2.514071314333942, 2.565767255990022, 0.26804149748928735, 0.9588151066904055, 0.7068174246205444, 1.717248598525759, 0.9588151066904055, 0.07894121775841277, 0.26804149748928735, 0.26804149748928735, 0.06758254431899835, 5.814555460636157, 0.26804149748928735, 1.016575894373346, 2.565767255990022, 5.401695464135159, 3.489090223290028, 2.2419323583864594, 3.5875775750041026, 3.5875775750041026, 1.578734344487428, 4.138098669328935, 4.138098669328935, 3.963615439211323, 0.9228628937255096, 2.889642704763832, 0.596381783159036, 2.514071052570453, 2.4551954498932163, 2.2419323583864594, 0.4636837744229367, 0.2450045649474892, 1.3452633640934855, 0.6195348956870108, 2.889642704763832, 0.9228628937255096, 3.629648059074165, 4.23444093221056, 3.5875775750041026, 1.6092150810953258, 3.5875775750041026, 0.4270812680213739, 2.2419323583864594, 0.6195348956870108, 0.596381783159036, 0.8831724835749183, 0.17828335166273968, 0.11197185671078583, 0.5766997358556476, 2.2476019511171477, 0.4270812680213739, 0.8507416562101997, 0.03932201930461365, 2.889642704763832, 0.6028668254942413, 1.2314014367774568, 0.4174668697205942]},